accession,entry_type,title,summary,organism,gds_type,n_samples,platform,pubmed_ids,release,flag_organoid,flag_5fu,flag_platinum,flag_irinotecan,flag_paired,flag_persister,flag_patient,relevance,geo_url,pubmed_url
GSE256188,GSE,Super-enhancers reorganization controls re-sensitization of oxaliplatin-resistant FBXW7-mutated colorectal cancer,"Epigenetic plasticity and large-scale chromatin remodeling characterize tumor evolution and the emergence of subclones resistant to conventional therapies. Catalytically inactive class IIa HDACs (HDAC4, HDAC5, HDAC7, HDAC9) act as acetyl-lysine readers that form the scaffold for the targeted recruitment of chromatin remodeling complexes, making them very attractive therapeutic targets in the field of oncology. In this study, we found that HDAC4 is proteasomal degraded in cancer cells impaired in DNA repair by homologous recombination. Genetic screening identified FBXW7 as the E3 ligase responsible for this degradation. FBXW7 loss-of-function mutations are frequently found in patients with colorectal cancer (CRC), and FBXW7 mutation status is associated with the development of resistance to oxaliplatin. Deletion of HDAC4 or its forced degradation with a PROTAC-based compound restored oxaliplatin sensitivity in FBXW7-mutated CRC cells, patient-derived organoids (PDOs) and xenografts, with no effect on DNA damage response activation or DNA platination. Mechanistically, forced removal of HDAC4 in FBXW7-mutant CRC cells and PDOs treated with oxaliplatin resulted in a deep rearrangement of the super-enhancer landscape, with a dramatic loss of super-enhancers found in oxalipaltin-resistant samples and restoration of certain super-enhancers found in oxaliplatin-sensitive cells. The disassembly of HDAC4 complexes achieved with Tasquinimod partially recapitulated the effects obtained with the PROTAC-based HDAC4 compound, demonstrating the importance of the epigenetic function of HDAC4 in supporting drug resistance. This study supports HDAC4 as a key mediator of oxaliplatin resistance in FBXW7-mutated CRC and highlights the remodeling of a well-defined repertoire of super-enhancers as part of the process of successful re-sensitization.",Homo sapiens,Expression profiling by high throughput sequencing,36,24676,41174352,2026/02/22,TRUE,FALSE,TRUE,FALSE,TRUE,FALSE,TRUE,7,https://www.ncbi.nlm.nih.gov/geo/query/acc.cgi?acc=GSE256188,https://pubmed.ncbi.nlm.nih.gov/41174352/
GSE256187,GSE,Super-enhancers reorganization controls re-sensitization of oxaliplatin-resistant FBXW7-mutated colorectal cancer [ChIP-seq],"Epigenetic plasticity and large-scale chromatin remodeling characterize tumor evolution and the emergence of subclones resistant to conventional therapies. Catalytically inactive class IIa HDACs (HDAC4, HDAC5, HDAC7, HDAC9) act as acetyl-lysine readers that form the scaffold for the targeted recruitment of chromatin remodeling complexes, making them very attractive therapeutic targets in the field of oncology. In this study, we found that HDAC4 is proteasomal degraded in cancer cells impaired in DNA repair by homologous recombination. Genetic screening identified FBXW7 as the E3 ligase responsible for this degradation. FBXW7 loss-of-function mutations are frequently found in patients with colorectal cancer (CRC), and FBXW7 mutation status is associated with the development of resistance to oxaliplatin. Deletion of HDAC4 or its forced degradation with a PROTAC-based compound restored oxaliplatin sensitivity in FBXW7-mutated CRC cells, patient-derived organoids (PDOs) and xenografts, with no effect on DNA damage response activation or DNA platination. Mechanistically, forced removal of HDAC4 in FBXW7-mutant CRC cells and PDOs treated with oxaliplatin resulted in a deep rearrangement of the super-enhancer landscape, with a dramatic loss of super-enhancers found in oxalipaltin-resistant samples and restoration of certain super-enhancers found in oxaliplatin-sensitive cells. The disassembly of HDAC4 complexes achieved with Tasquinimod partially recapitulated the effects obtained with the PROTAC-based HDAC4 compound, demonstrating the importance of the epigenetic function of HDAC4 in supporting drug resistance. This study supports HDAC4 as a key mediator of oxaliplatin resistance in FBXW7-mutated CRC and highlights the remodeling of a well-defined repertoire of super-enhancers as part of the process of successful re-sensitization.",Homo sapiens,Genome binding/occupancy profiling by high throughput sequencing,20,11154,41174352,2026/02/22,TRUE,FALSE,TRUE,FALSE,TRUE,FALSE,TRUE,7,https://www.ncbi.nlm.nih.gov/geo/query/acc.cgi?acc=GSE256187,https://pubmed.ncbi.nlm.nih.gov/41174352/
GSE270840,GSE,Super-enhancers reorganization controls re-sensitization of oxaliplatin-resistant FBXW7-mutated colorectal cancer,"Epigenetic plasticity and large-scale chromatin remodeling characterize tumor evolution and the emergence of subclones resistant to conventional therapies. Catalytically inactive class IIa HDACs (HDAC4, HDAC5, HDAC7, HDAC9) act as acetyl-lysine readers that form the scaffold for the targeted recruitment of chromatin remodeling complexes, making them very attractive therapeutic targets in the field of oncology. In this study, we found that HDAC4 is proteasomal degraded in cancer cells impaired in DNA repair by homologous recombination. Genetic screening identified FBXW7 as the E3 ligase responsible for this degradation. FBXW7 loss-of-function (LOF) mutations are frequently found in patients with colorectal cancer (CRC), and FBXW7 mutation status is associated with the development of resistance to oxaliplatin. Deletion of HDAC4 or its forced degradation with a PROTAC-based compound restored Oxaliplatin sensitivity in FBXW7-mutated CRC cells, patient-derived organoids (PDOs) and xenografts, with no effect on DNA damage response activation or DNA platination. Mechanistically, forced removal of HDAC4 in FBXW7-mutant CRC cells and PDOs treated with Oxaliplatin resulted in a deep rearrangement of the super-enhancer landscape, with a dramatic loss of super-enhancers found in Oxaliplatin-resistant samples and restoration of defined super-enhancers found in Oxaliplatin-sensitive cells. The pharmacological disassembly of HDAC4 complexes partially recapitulated the effects obtained with the PROTAC-based HDAC4 compound, demonstrating the importance of the epigenetic function of HDAC4 in supporting drug resistance. This study supports HDAC4 as a key mediator of Oxaliplatin resistance in FBXW7-mutated CRC and highlights the remodeling of a well-defined repertoire of super-enhancers as part of the process of successful re-sensitization.",Homo sapiens,Genome binding/occupancy profiling by high throughput sequencing,10,11154,41174352,2026/04/08,TRUE,FALSE,TRUE,FALSE,TRUE,FALSE,TRUE,7,https://www.ncbi.nlm.nih.gov/geo/query/acc.cgi?acc=GSE270840,https://pubmed.ncbi.nlm.nih.gov/41174352/
GSE160089,GSE,Pharmacological target dysfunction cell  cycle pathways induce vulnerabilities of chemotherapy in colorectal cancer,"Dysfunction of cell cycle genes can lead to mitosis disruption and chromosomal instability (CIN), which is blamed for poor prognosis in colorectal cancer (CRC) patients, no matter with chemotherapy or not. Discovery therapeutic targets to abnormal cell cycle pathways in CRC may help to improve current therapy. By genome-widely profiling of differential expressed genes in 54 pairs of human colorectal tumor with matched normal mucosa, we found a functional enrichment in PLK1 signaling. Tumors with enriched PLK1 signaling are accompanied with dysfunction pathways related to cell cycle. Total PLK1 and phosphorylated PLK1 protein expression are associated with tumor recurrence and poor overall survival in a cohort of CRC patients. Combining PLK1 inhibitor with oxaliplatin shows a synergize effect to suppress the growth of CRC cell lines, xenograft tumors, preclinical patient-derived organoid and patient-derived xenograft tumors. RNA-seq data reveals that the cell cycle pathways were activated in oxaliplatin group but inhibited after PLK1 inhibitor treatment.  CDC7 may be a key downstream effector of PLK1 induced oxaliplatin resistance and can be druggable. Further investigation showed that PLK1 inhibitor suppress the CDC7 expression via c-MYC transcriptional control. A strong positive correlation between PLK1 and CDC7 has been further confirmed in patients. Strikingly, functional studies confirm that combining CDC7 inhibitor with oxaliplatin can recapitulate the synergize effect in various CRC models, highlighting pharmacological target PLK1-MYC-CDC7 signaling as a potential therapeutic strategy for oxaliplatin based chemotherapy.",Homo sapiens,Expression profiling by high throughput sequencing,8,16791,NA,2023/10/24,TRUE,FALSE,TRUE,FALSE,TRUE,FALSE,TRUE,7,https://www.ncbi.nlm.nih.gov/geo/query/acc.cgi?acc=GSE160089,NA
GSE315569,GSE,Aptamer-modified 5-fluorouracil encapsulated metal-organic framework nanodrugs for enhanced therapy of colorectal cancer via peroxidative induced cell death,"Colorectal cancer (CRC) remains one of the most devastating malignancies worldwide. 5-Fluorouracil (5-FU) is a widely used therapeutic agent in CRC treatment. Here, we report a PTK-7–targeted, MOF-based nanodrug (AFZC) comprising Sgc8 aptamer, 5-FU, and Cu-doped ZIF-8. AFZC was synthesized via stepwise loading and surface functionalization and rigorously characterized by SEM/TEM. Targeting specificity was confirmed in PTK-7–positive colorectal cancer cells: Cy5-Sgc8 showed strong internalization in CRC cells but negligible uptake in normal epithelial cells. Functionally, AFZC suppressed proliferation and lowered 5-FU IC₅₀ across multiple CRC lines, with enhanced apoptosis versus 5-FU alone. Patient-derived organoids demonstrated greater growth inhibition with AFZC than with 5-FU. Transcriptomic profiling of AFZC-treated CRC cells highlighted pro-apoptotic remodeling with upregulation of NECTIN4 and NCF2, and concordant increases by Western blot alongside caspase cleavage. In vivo, AFZC achieved superior tumor control over 5-FU or ZIF-8 in CRC xenografts and a PDX model. No toxicity was found in histopathology of major organs or in liver/renal function markers at the treatment dosage. Collectively, AFZC couples selective PTK-7 targeting, catalytic activity, and sustained drug release to potentiate 5-FU efficacy with a favorable toxicity profile, supporting its translational promise in CRC.",Homo sapiens,Expression profiling by high throughput sequencing,8,16791,NA,2026/01/06,TRUE,TRUE,FALSE,FALSE,TRUE,FALSE,TRUE,7,https://www.ncbi.nlm.nih.gov/geo/query/acc.cgi?acc=GSE315569,NA
GSE184125,GSE,"9-ING-41, a small molecule inhibitor of GSK-3β, potentiates the effects of chemotherapy in KRAS mutated colorectal cancer","Despite the prevalence of KRAS mutations in colorectal cancer, there is no K-Ras targeted therapies for these tumors and available treatment options are limited for metastatic disease. GSK-3β has been demonstrated to be a critically important kinase for survival and proliferation of K-Ras-depended pancreatic cancer cells. In this study we tested 9-ING-41, a small molecule inhibitor of GSK-3β, in patient-derived tumor organoid models of colorectal cancer. We demonstrated that addition of 9-ING-41 to the standard of care drugs 5-FU and oxaliplatin could significantly enhance inhibition of the growth of colorectal cancer cells harboring KRAS mutations. The results of the transcriptomic analysis support our findings of cell cycle arrest and DNA repair deficiency in 9-ING-41-treated colorectal cancer cells. Moreover, we found substantial similarity in the changes of transcriptomic profile after inhibition of GSK-3β and suppression of STK33, another critically important kinase for K-Ras-dependent cells. Overall, the results of this study provide a rationale for the inclusion of patients with mutant KRAS colorectal cancer in clinical studies of 9-ING-41 and other GSK-3 inhibitors.",Homo sapiens,Expression profiling by high throughput sequencing,6,21697,34955846,2021/10/31,TRUE,TRUE,TRUE,FALSE,FALSE,FALSE,TRUE,6,https://www.ncbi.nlm.nih.gov/geo/query/acc.cgi?acc=GSE184125,https://pubmed.ncbi.nlm.nih.gov/34955846/
GSE190609,GSE,Peritoneal Metastases from Colorectal Cancer belong to Consensus Molecular Subtype 4 and are sensitized to oxaliplatin by inhibiting reducing capacity,"Background: Peritoneal metastases (PM) in colorectal cancer (CRC) are associated with therapy resistance and poor survival. Oxaliplatin monotherapy is widely applied in the intraperitoneal treatment of PM, but fails to yield clinical benefit. We aimed to identify the mechanism(s) underlying PM resistance to oxaliplatin and to develop strategies overcoming such resistance. Experimental design:  We generated a biobank consisting of 35 primary tumor regions and 59 paired PM from 12 patients. All samples were analyzed by RNA sequencing. We also generated a series of PM-derived organoid (PMDO) cultures and used these to design and test strategies to overcome resistance to oxaliplatin Results: PM displayed various hallmarks of aggressive CRC biology. The vast majority of PM and paired primary tumors belonged to the Consensus Molecular Subtype 4 (CMS4). PMDO cultures were resistant to oxaliplatin and expressed high levels of glutamate-cysteine ligase (GCLC) causing detoxification of oxaliplatin through glutathione synthesis. Genetic or pharmacological targeting of GCLC sensitized PMDOs to a 1-hour exposure to oxaliplatin, through increased platinum-DNA adduct formation Conclusions: These results link oxaliplatin resistance of colorectal PM to their CMS4 status and high reducing capacity. Inhibiting the reducing capacity of PM may be an effective strategy to overcome PM resistance to oxaliplatin",Homo sapiens,Expression profiling by high throughput sequencing,113,18573,35194192,2022/06/15,TRUE,FALSE,TRUE,FALSE,FALSE,FALSE,TRUE,5,https://www.ncbi.nlm.nih.gov/geo/query/acc.cgi?acc=GSE190609,https://pubmed.ncbi.nlm.nih.gov/35194192/
GSE282048,GSE,Enrichment of ornithine decarboxylase degron transduced colorectal cancer cells for extended application of cancer stem cell models [colorectal cancer],"Cancer stem cells (CSCs) are present in small quantities in tumor populations. To permit various analyses of CSCs, we attempted to enrich and expand ornithine decarboxylase (ODC) degron-transduced colorectal cancer (CRC) cells, which retain low proteasome activity. ZsGreen fluorescence-positive (ZsGreen+) cells were collected by sorting the ODC degron-transduced HCT116, DLD1, and SW480 cells, which were defined as enriched ZsGreen+ cells. ZsGreen+ cells still maintained CSC properties. These cells had higher stem cell marker expression and increased resistance to chemotherapy with 5-fluorouracil and oxaliplatin. ZsGreen+ HCT116 and DLD1 cells had greater sphere-forming ability and enhanced tumorigenicity compared to ZsGreen- control cells. Time-lapse microscopy showed that a single enriched ZsGreen+ HCT116 cell had asymmetric cell division. Thus, model CSCs were acquired in sufficient quantity. Using these cells, we performed a comprehensive microRNA analysis; miR- 491-3p was a candidate to suppress cancer stemness. Finally, we found that up- regulated genes in the enriched HCT116 ZsGreen+ cells correlated with those up- regulated in human clinical spheroid samples established from patient-derived xenografts derived from CRC tissue samples, further supporting the acquisition of enriched model CSCs. These cells would be useful in identifying novel CSC markers and developing medicine for anti-CSC therapy.",Homo sapiens,Expression profiling by high throughput sequencing,32,16791;24676,40595888,2025/07/09,FALSE,TRUE,TRUE,FALSE,TRUE,FALSE,TRUE,5,https://www.ncbi.nlm.nih.gov/geo/query/acc.cgi?acc=GSE282048,https://pubmed.ncbi.nlm.nih.gov/40595888/
GSE312098,GSE,Overcoming ADC resistance in advanced colorectal cancer by dual targeting of TROP2 and PERK to suppress Wnt/β-catenin signaling [TROP2+GSK RNA-Seq],"Targeted therapy for advanced colorectal cancer (CRC) remains a significant clinical challenge. In this study, we systematically examined the anti-tumor efficacy and underlying mechanisms of IMMU132, an FDA-approved anti-TROP2 antibody conjugate linked to the topoisomerase I inhibitor SN-38, both as a standalone treatment and in combination with the PERK inhibitor GSK2606414 in TROP2-positive advanced CRC. We first established that TROP2 expression was markedly elevated in CRC cohorts and correlated with poor patient prognosis. In vitro experiments demonstrated that IMMU132 inhibited CRC cell proliferation and viability in a dose-dependent manner. In patient-derived xenograft (PDX) models, IMMU132 monotherapy significantly inhibited tumor growth. Mechanistically, transcriptomic analysis indicated that PERK, a key factor in endoplasmic reticulum stress (ERS), may serve as a critical synergistic target for IMMU132’s anti-tumour activity. Subsequent screening of various ERS inhibitors revealed that the specific PERK inhibitor GSK2606414 significantly enhanced the effects of IMMU132. In diverse experimental models, including cell lines, organoids, and PDX models, combination therapy exhibited superior anti-tumor effects compared to monotherapy, highlighting a pronounced synergistic effect. Furthermore, transcriptomic analysis showed that combination therapy notably inhibited the Wnt/β-catenin signaling pathway. Gene set enrichment analysis confirmed significant upregulation of Wnt pathway-related genes, while Western blot analysis showed downregulation of key molecules in the Wnt pathway, including β-catenin, GSK3B, JUN, and WNT2B, following combination therapy. These findings suggest that the synergistic anti-tumour effects of IMMU132 and GSK2606414 may arise from their dual modulation of ERS and Wnt signalling pathways, offering novel insights for targeted therapy in advanced CRC and informing strategies for combining antibody-drug conjugates (ADCs).",Homo sapiens,Expression profiling by high throughput sequencing,12,24676,NA,2025/12/18,TRUE,FALSE,FALSE,TRUE,FALSE,FALSE,TRUE,5,https://www.ncbi.nlm.nih.gov/geo/query/acc.cgi?acc=GSE312098,NA
GSE294639,GSE,PHGDH Drives 5-FU Chemoresistance in Colorectal Cancer through the Hedgehog signaling,"This study investigates the role of phosphoglycerate dehydrogenase (PHGDH) in 5-fluorouracil (5-FU) chemoresistance in colorectal cancer (CRC). The researchers discovered that PHGDH expression is highly variable in tumor tissues and patient-derived CRC organoids, with elevated PHGDH levels correlating with reduced sensitivity to 5-FU treatment. Through transcriptomic analysis, PHGDH was found to promote activation of the Hedgehog (HH) signaling pathway, which plays a key role in chemoresistance. PHGDH silencing reduces HH activation and increases sensitivity to 5-FU, while PHGDH overexpression has the opposite effect. Significantly, combined treatment with 5-FU and HH pathway inhibitors (JC19 or GANT61) synergistically enhances chemosensitivity in high-PHGDH expressing CRC cells, organoids, and xenograft models. This dual-targeting approach effectively limits tumor growth in mice. The findings establish PHGDH as a potential biomarker for predicting response to 5-FU-based chemotherapy and suggest that targeting the PHGDH-HH axis may represent a promising therapeutic strategy to overcome chemoresistance in CRC.",Homo sapiens,Expression profiling by high throughput sequencing,12,24676,40640948,2025/07/11,TRUE,TRUE,FALSE,FALSE,FALSE,FALSE,TRUE,5,https://www.ncbi.nlm.nih.gov/geo/query/acc.cgi?acc=GSE294639,https://pubmed.ncbi.nlm.nih.gov/40640948/
GSE311016,GSE,Overcoming ADC resistance in advanced colorectal cancer by dual targeting of TROP2 and PERK to suppress Wnt/β-catenin signaling,"Targeted therapy for advanced colorectal cancer (CRC) remains a significant clinical challenge. In this study, we systematically examined the anti-tumor efficacy and underlying mechanisms of IMMU132, an FDA-approved anti-TROP2 antibody conjugate linked to the topoisomerase I inhibitor SN-38, both as a standalone treatment and in combination with the PERK inhibitor GSK2606414 in TROP2-positive advanced CRC. We first established that TROP2 expression was markedly elevated in CRC cohorts and correlated with poor patient prognosis. In vitro experiments demonstrated that IMMU132 inhibited CRC cell proliferation and viability in a dose-dependent manner. In patient-derived xenograft (PDX) models, IMMU132 monotherapy significantly inhibited tumor growth. Mechanistically, transcriptomic analysis indicated that PERK, a key factor in endoplasmic reticulum stress (ERS), may serve as a critical synergistic target for IMMU132’s anti-tumour activity. Subsequent screening of various ERS inhibitors revealed that the specific PERK inhibitor GSK2606414 significantly enhanced the effects of IMMU132. In diverse experimental models, including cell lines, organoids, and PDX models, combination therapy exhibited superior anti-tumor effects compared to monotherapy, highlighting a pronounced synergistic effect. Furthermore, transcriptomic analysis showed that combination therapy notably inhibited the Wnt/β-catenin signaling pathway. Gene set enrichment analysis confirmed significant upregulation of Wnt pathway-related genes, while Western blot analysis showed downregulation of key molecules in the Wnt pathway, including β-catenin, GSK3B, JUN, and WNT2B, following combination therapy. These findings suggest that the synergistic anti-tumour effects of IMMU132 and GSK2606414 may arise from their dual modulation of ERS and Wnt signalling pathways, offering novel insights for targeted therapy in advanced CRC and informing strategies for combining antibody-drug conjugates (ADCs).",Homo sapiens,Expression profiling by high throughput sequencing,10,24676,NA,2025/12/18,TRUE,FALSE,FALSE,TRUE,FALSE,FALSE,TRUE,5,https://www.ncbi.nlm.nih.gov/geo/query/acc.cgi?acc=GSE311016,NA
GSE276573,GSE,Enrichment of ornithine decarboxylase degron transduced colorectal cancer cells for extended application of cancer stem cell models,"Cancer stem cells (CSCs) are present in small quantities in tumor populations. To permit various analyses of CSCs, we attempted to enrich and expand ornithine decarboxylase (ODC) degron-transduced colorectal cancer (CRC) cells, which retain low proteasome activity. ZsGreen fluorescence-positive (ZsGreen+) cells were collected by sorting the ODC degron-transduced HCT116, DLD1, and SW480 cells, which were defined as enriched ZsGreen+ cells. ZsGreen+ cells still maintained CSC properties. These cells had higher stem cell marker expression and increased resistance to chemotherapy with 5-fluorouracil and oxaliplatin. ZsGreen+ HCT116 and DLD1 cells had greater sphere-forming ability and enhanced tumorigenicity compared to ZsGreen- control cells. Time-lapse microscopy showed that a single enriched ZsGreen+ HCT116 cell had asymmetric cell division. Thus, model CSCs were acquired in sufficient quantity. Using these cells, we performed a comprehensive microRNA analysis; miR-491-3p was a candidate to suppress cancer stemness. Finally, we found that up-regulated genes in the enriched HCT116 ZsGreen+ cells correlated with those up-regulated in human clinical spheroid samples established from patient-derived xenografts derived from CRC tissue samples, further supporting the acquisition of enriched model CSCs. These cells would be useful in identifying novel CSC markers and developing medicine for anti-CSC therapy.",Homo sapiens,Expression profiling by high throughput sequencing,6,21290,40595888,2025/07/03,FALSE,TRUE,TRUE,FALSE,TRUE,FALSE,TRUE,5,https://www.ncbi.nlm.nih.gov/geo/query/acc.cgi?acc=GSE276573,https://pubmed.ncbi.nlm.nih.gov/40595888/
GSE204805,GSE,RNAseq analysis on metastatic Colorectal Cancer,"In this study we want present a bank of metastatic colorectal cancer (mCRC) Patient Derived Organoids (PDOs) obtained from Patient Derived Xenografts (PDXs). These models are annotated with different omics to advance our understanding of CRC. We wanted to create a resource for the scientific community to assess the predictive reliability of these preclinical models. We performed comparative analyses between PDOs and matched PDXs to assess the similarities of these two platforms regarding molecular profiles and transcriptional classification. Moreover, we analyzed how these models respond to Cetuximab, a chimeric monoclonal antibody, normally given to patients after chemotherapy, that inhibits EGFR. After having assessed models’ reliability with Cetuximab, we aimed at identifying potential synergistic drugs to individuate new possible therapeutic prospects.",Homo sapiens,Expression profiling by high throughput sequencing,1225,18573,39209908; 40981426,2023/03/01,TRUE,FALSE,FALSE,FALSE,FALSE,FALSE,TRUE,4,https://www.ncbi.nlm.nih.gov/geo/query/acc.cgi?acc=GSE204805,https://pubmed.ncbi.nlm.nih.gov/39209908/
GSE190826,GSE,Inflammatory fibroblasts mediate resistance to neoadjuvant therapy in rectal cancer,"Standard cancer therapy targets tumor cells while not considering the possible collateral damage on the tumor microenvironment that could impair therapy response. Employing patient-derived tumor organoids and primary stroma cells or a novel murine rectal cancer model, we show that tumor cell-derived IL-1a polarizes cancer-associated fibroblasts (CAFs) towards a pro-inflammatory phenotype causing an elevated oxidative DNA damage mediated by reactive nitrogen species (NOS) and subsequently sensitizing iCAFs to a p53-mediated therapy-induced senescence, which triggers changes in matrisome composition culminating in chemoradiotherapy resistance and disease progression. Consequently, IL-1 inhibition, prevention of iCAF senescence or senolytic therapy sensitizes mice to irradiation. Importantly, rectal cancer patients with poor response to radiotherapy are characterized by an increased number of CAFs, a dominant inflammatory CAF gene signature as well as lower IL-1 receptor antagonist (IL-1RA) serum levels. Low baseline IL1RA gene expression predicts poor outcome while IL-1RA serum levels are associated with a single nucleotide polymorphism (SNP) in IL1RA (rs4251961 T/C). Moreover, conditioned supernatant from patient tumor organoids sensitizes fibroblasts to undergo radiation-induced senescence in an IL-1-dependent manner. Collectively, we unravel a critical role for inflammatory CAFs in cancer therapy and identify IL-1 signaling as an attractive target for stroma-repolarization and prevention of CAF senescence.",Homo sapiens,Expression profiling by high throughput sequencing,117,20301,NA,2022/01/12,TRUE,FALSE,FALSE,FALSE,FALSE,FALSE,TRUE,4,https://www.ncbi.nlm.nih.gov/geo/query/acc.cgi?acc=GSE190826,NA
GSE305337,GSE,Patient-Specific Pharmacogenomics demonstrates xCT as Predictive Therapeutic Target in Colon Cancer with Possible Implications in Tumor Connectivity,"Colorectal cancer (CRC) represents the third-leading cause of cancer-related deaths. Knowledge covering diverse cellular and molecular data from individual patients has become valuable for diagnosis, prognosis, and treatment selection. Here, we present an in-depth comparative mRNA-seq analysis of tissue samples from 32 CRC patients, pairing tumors with adjacent healthy tissues. The differential expression gene (DEG) analysis revealed apparently dysregulated metabolic programs,in what we focused on the impact of overexpressed SLC7A11 (xCT) and SLC3A2 genes which compose the cystine/glutamate transporter (Xc-) system. To assess the oncogenic potency of the Xc- system in a cellular setting, we applied a knowledge-based approach for analyzing gene perturbations from CRISPR screens across various cell types as well as using a variety of functional assays in five primary patient-derived organoid cell models to functionally verify our hypothesis. We identified a previously undescribed cell surface protein signature predicting chemotherapy resistance and further highlighted the causality and potential of pharmacological blockage of ferroptosis as promising avenue for cancer therapy. Biological processes such as redox homeostasis, ion/amino acid transporters and regulators of neuronal survival and differentiation were associated with these co-dependent genes in patient specimens. This study highlights a number of potential clinical targets for CRC and promotes patient-individual in vitro model systems as functionally validate in silico predictions.",Homo sapiens,Expression profiling by high throughput sequencing,73,18460,40988536,2025/09/21,TRUE,FALSE,FALSE,FALSE,FALSE,FALSE,TRUE,4,https://www.ncbi.nlm.nih.gov/geo/query/acc.cgi?acc=GSE305337,https://pubmed.ncbi.nlm.nih.gov/40988536/
GSE292601,GSE,Epithelial interferon-stimulated gene programs modulate chemotherapy sensitivity in colorectal cancer via EPSTI1,"Precision oncology research typically utilizes patient-derived tumor organoids (PDTO) to predict clinical outcomes, but such efforts are often not directed towards identification of molecular factors underlying differential responses to therapy. Here, we performed bulk RNA-sequencing on treatment-naive PDTOs and combined gene expression data with in vitro drug response data to identify transcriptomic features and programs associated with low chemosensitivity.",Homo sapiens,Expression profiling by high throughput sequencing,62,24676,NA,2026/06/30,TRUE,FALSE,FALSE,FALSE,FALSE,FALSE,TRUE,4,https://www.ncbi.nlm.nih.gov/geo/query/acc.cgi?acc=GSE292601,NA
GSE294953,GSE,Combined MEK and PARP inhibition enhances radiation response in rectal cancer,"Rectal cancer is most frequently diagnosed at a locally advanced stage and treated by neoadjuvant chemoradiation. Current efforts to improve treatment outcome are focused on intensifying neoadjuvant chemotherapy, which is however associated with higher levels of toxicity. To discover alternative strategies, we established patient-derived rectal cancer organoids (PDOs) that reflect clinical radiosensitivity and used these organoids to screen 1596 drug-radiation combinations. We found that inhibitors of RAS-MAPK signaling, especially MEK inhibitors, strongly enhance radiation response. Mechanistically, MEK inhibitors suppressed radiation-induced activation of RAS-MAPK signaling, and selectively downregulated RAD51, a key component of the homologous recombination DNA repair pathway. Through testing drug-drug-radiation combinations in organoids and cell lines, we identified that a combined PARP and MEK inhibition can further enhance radiosensitivity of colorectal cancers, which was confirmed in mouse xenograft models. Our data support clinical testing of MEK and PARP combination therapy with radiation in locally advanced rectal cancers as an alternative to chemoradiation Microarrays were used to investigate the effect of radiation treatment on gene expression in three patient-derived colorectal cancer organoid lines.",Homo sapiens,Expression profiling by array,28,570,40782795,2025/04/23,TRUE,FALSE,FALSE,FALSE,FALSE,FALSE,TRUE,4,https://www.ncbi.nlm.nih.gov/geo/query/acc.cgi?acc=GSE294953,https://pubmed.ncbi.nlm.nih.gov/40782795/
GSE147971,GSE,Medium-throughput drug screening of patient-derived organoids from colorectal peritoneal metastases can be used to guide therapy,"Purpose: Colorectal cancer (CRC) patients with peritoneal metastases (CRPM) have limited treatment options and the lowest CRC survival rates. We aimed to determine whether organoid testing could help guide precision treatment for CRPM patients, as the clinical utility of prospective, functional drug screening including non-standard agents is unknown. Experimental Design: CRPM organoids (peritonoids) isolated from patients underwent parallel next-generation sequencing and medium-throughput drug panel testing ex vivo to identify specific drug sensitivities for each patient. We measured the utility of such a service including: success of peritonoid generation, time to cultivate peritonoids, reproducibility of the medium-throughput drug testing, and documented changes to clinical therapy as a result of the testing. Results: Peritonoids were successfully generated and validated from 68% (19/28) of patients undergoing standard care. Genomic and drug profiling was completed within 8 weeks and a formal report ranking drug sensitivities was provided to the medical oncology team upon failure of standard care treatment. This resulted in a treatment change for 2 patients, one of whom had a partial response despite previously progressing on multiple rounds of standard care chemotherapy. The barrier to implementing this technology in Australia is the need for drug access and funding for off-label indications. Conclusions: Our approach is feasible, reproducible and can guide novel therapeutic choices in this poor prognosis cohort, where new treatment options are urgently needed. This platform is relevant to many solid organ malignancies.",Homo sapiens,Expression profiling by high throughput sequencing,17,18573,32376656,2020/05/31,TRUE,FALSE,FALSE,FALSE,FALSE,FALSE,TRUE,4,https://www.ncbi.nlm.nih.gov/geo/query/acc.cgi?acc=GSE147971,https://pubmed.ncbi.nlm.nih.gov/32376656/
GSE244082,GSE,several colorectal cancer patient derived tumor organoid RNAseq data,"Acquired drug resistance is a major challenge for cancer therapy and the leading cause of cancer mortality. However, the mechanisms of drug resistance are diverse and the strategy to specifically target drug resistant cancer cells remains an unmet clinical issue. We establisheda32 colorectal cancer (CRC) PDO biobank and induced acquired drug resistance by repeated low-level exposures of chemo-agents. Chemosensitivity profiling and transcriptomic analysis studies34 revealed that chemo-resistant PDOs exhibited elevated expression of LGR4 and activationof the35 Wnt signaling pathway. Further, we performed antibody screening against LGR4 and selecteda36 monoclonal antibody (LGR4-mAb) that potently inhibited the LGR4/Wnt signaling. In drug resistant PDOs and xenograft models, treatment with LGR4-mAb significantly sensitizeddrug- 38 induced ferroptosis. Mechanistically, LGR4 dependent Wnt signaling transcriptionally up-regulated SLC7A11, a key inhibitor of ferroptosis, to confer acquired drug resistance. Targeting40 Wnt signaling by LGR4-mAb and by other modulators augments ferroptosis when co-administrated with chemotherapeutic agents. Finally, LGR4-mAb therapy was effective against other cancers that express high levels of LGR4. Collectively, our results demonstrate a new strategy to selectively activate ferroptosis and provide a new opportunity to fight refractoryand44 recurrent cancers.",Homo sapiens,Expression profiling by high throughput sequencing,14,24676,NA,2023/09/25,TRUE,FALSE,FALSE,FALSE,FALSE,FALSE,TRUE,4,https://www.ncbi.nlm.nih.gov/geo/query/acc.cgi?acc=GSE244082,NA
GSE155354,GSE,p53 wild-type colorectal cancer cells that express a fetal gene signature are associated with metastasis and poor prognosis,"Current therapy against colorectal cancer (CRC) is based on DNA-damaging agents that remain ineffective in a proportion of patients. Whether and how non-curative DNA damage-based treatment affects tumor cell behavior and patient outcome is primarily unstudied. Using CRC patient-derived organoids (PDO)s, we show that sublethal doses of chemotherapy (CT) does not select previously resistant tumor populations but induces a quiescent state specifically to TP53 wildtype (WT) cancer cells, which is linked to the acquisition of a YAP1-dependent fetal phenotype. Cells displaying this phenotype exhibit high tumor-initiating and metastatic activity. Nuclear YAP1 and fetal traits are present in a proportion of tumors at diagnosis and predict poor prognosis in patients carrying TP53 WT CRC tumors. We provide data indicating the higher efficacy of CT together with YAP1 inhibitors for eradication of therapy resistant TP53 WT cancer cells. Together these results identify fetal conversion as a useful biomarker for patient prognosis and therapy prescription.",Homo sapiens,Expression profiling by high throughput sequencing,14,11154,35606354,2022/04/08,TRUE,FALSE,FALSE,FALSE,FALSE,FALSE,TRUE,4,https://www.ncbi.nlm.nih.gov/geo/query/acc.cgi?acc=GSE155354,https://pubmed.ncbi.nlm.nih.gov/35606354/
GSE309532,GSE,SPOCK1 activates Wnt/β-Catenin signaling to drive colorectal cancer stemness and progression,"Colorectal cancer (CRC) ranks second in cancer-related mortality worldwide, with clinical intractability and chemoresistance representing significant challenges driven by cancer stem cells (CSCs). Wnt/β-catenin signaling is a lynchpin of CSC self-renewal, but targetable upstream drivers remain elusive. Using bioinformatics we identified the proteoglycan SPOCK1 as a Wnt-associated CSC target. Critically, high SPOCK1 expression predicted poor patient prognosis and reduced progression-free survival following first-line chemotherapy. In vitro assays demonstrated that SPOCK1 levels modulated Wnt/β-catenin activity. SPOCK1 silencing inhibited β-catenin nuclear translocation and TCF/LEF-mediated transcription, which concurrently suppressed CRC proliferation and stemness. Conversely, SPOCK1 overexpression promoted β-catenin nuclear translocation and TCF/LEF-mediated transcription, which enhanced CRC proliferation and stemness. This SPOCK1-driven pro-tumorigenic effect was significantly reversed by the β-catenin/TCF/LEF inhibitor iCRT3, demonstrating SPOCK1’s dependence on Wnt transcriptional activation. The functional role was validated in vivo using a SPOCK1-overexpressing xenograft model and ex vivo using patient-derived organoids (PDOs), both confirming increased growth and β-catenin nuclear localization. Furthermore, data-independent acquisition (DIA) mass spectrometry of SPOCK1-overexpressing tumors revealed pro-tumorigenic signaling including c-Myc activity, oxidative phosphorylation, epithelial-mesenchymal transition. Notably, SPOCK1 drove remodeling of the tumor microenvironment, characterized by desmoplasia and fibrosis. Overall, our findings establish a SPOCK1/Wnt/β-catenin axis as a novel mechanism driving CRC tumorigenesis and stemness, positioning it as a promising therapeutic target to overcome Wnt-mediated progression and resistance.",Homo sapiens,Expression profiling by high throughput sequencing,8,24676,NA,2025/10/10,TRUE,FALSE,FALSE,FALSE,FALSE,FALSE,TRUE,4,https://www.ncbi.nlm.nih.gov/geo/query/acc.cgi?acc=GSE309532,NA
GSE213103,GSE,"Transcriptional profiling of human colon “cancer stem cell” populations (EpCAM+, CD44+, CD166+) following in vivo exposure to irinotecan.","In human colon cancer, the malignant component of tumor tissues often contains multiple sub-types of cancer cells, whose transcriptional profiles and surface marker phenotypes correspond to those of the epithelial lineages that are found in normal colonic crypts (e.g., goblet cells, enterocytes, LGR5+ columnar basal cells). Among those various sub-types of malignant cells, those characterized by a surface marker phenotype that is characteristic of epithelial stem/progenitor cells residing at the bottom of colonic crypts (EpCAM+, CD44+, CD166+) are enriched in cells with ""cancer stem cell"" (CSC) properties, such as self-renewal (i.e., the capacity to sustain the formation of new tumors upon serial xeno-transplantation in immune-deficient animals) and multi-lineage differentiation (i.e., the capacity to sustain the formation of other cell-types, thus reconstituting the heterogeneous population of the parent tumors from which they have been isolated). Cell populations with ""cancer stem cell"" (CSC) properties are known to be preferentially resistant to several cytotoxic agents used in conventional chemotherapy, but the molecular mechanisms underpinning this property remain poorly understood.              In this dataset, we report the analysis by gene-expression microarrays of the transcriptional profile of two sub-populations of human colon cancer cells: 1) cells with a ""bottom-of-the-crypt"" phenotype (EpCAM+, CD44+, CD166+), which are known to be enriched in ""cancer stem cells"" (CSCs); and 2) cells with a ""top-of-the-crypt"" phenotype (EpCAM+, CD44neg, CD166neg), which are known to be non-tumorigenic upon xeno-transplantation in immune-deficient mice. The two populations were purified in parallel by fluorescence activated cell sorting (FACS), starting from solid tumors established by sub-cutaneous (s.c.) engraftment in immune-deficient mice of a patient-derived xenograft (PDX) line representative of a moderately differentiated (G2) primary colon carcinoma. To identify genes whose expression is modulated by in vivo exposure to chemotherapy (and thus potentially involved in the mechanistic regulation of chemo-resistance), we compared the transcriptional profile of cells purified from tumors that were exposed to 4 weeks of in vivo treatment with either irinotecan (CPT-11) or a placebo control (saline solution).            ",Homo sapiens,Expression profiling by array,8,15207,NA,2024/05/01,FALSE,FALSE,FALSE,TRUE,TRUE,FALSE,TRUE,4,https://www.ncbi.nlm.nih.gov/geo/query/acc.cgi?acc=GSE213103,NA
GSE279062,GSE,Gene expression profiles of interactions between colorectal cancer-associated fibroblasts and myeloid cells in 2D co-cultures and in novel next generation triple cultures containing colorectal cancer patient-derived organoids,"In this study colorectal cancer (CRC) patient-derived cancer-associated fibroblasts (CAFs) and primary monocytes or macrophages were co-cultured in 2D set-up and single-cell transcriptomics was employed to analyze the phenotypic and functional changes of the myeloid cells and CAFs upon their interaction. The results showed that CAFs instruct monocytes to gain a tumor-associated macropages (TAM)-like cells phenotype. In the next step, novel next generation tumor organoid cultures of myelid cells, CAFs and patient-derived CRC organoids (PDOs) were utilized to mimic the tumor microenvironment and study the phenotypic changes of cells under chemotherapy and oncolytic virus treatments. The sequencing data revealed that both treatments triggered distinct phenotypic changes and identified immunomodulatory effects of chemotherapy in TAM-like cells. Oncolytic virus treatment led to strong upregulation of Type I and II interferon signaling, while both therapies activated multiple cell-cell communication pathways, highlighting key molecular interactions relevant to the tumor microenvironment. This co-culture model provided insights into TAM-like responses, aiding precision cancer treatment evaluations.",Homo sapiens,Expression profiling by high throughput sequencing,7,24676,39500527,2024/10/13,TRUE,FALSE,FALSE,FALSE,FALSE,FALSE,TRUE,4,https://www.ncbi.nlm.nih.gov/geo/query/acc.cgi?acc=GSE279062,https://pubmed.ncbi.nlm.nih.gov/39500527/
GSE303732,GSE,Paired primary-metastasis patient-derived organoids and mouse models identify phenotypic evolution and druggable dependencies of peritoneal metastasis from appendiceal cancer,"Peritoneal carcinomatosis is a common yet deadly manifestation of gastrointestinal cancers, with few effective treatments. To identify targetable determinants of peritoneal metastasis, we focused on appendiceal adenocarcinoma (AC), a gastrointestinal cancer that metastasizes almost exclusively to the peritoneum. Current treatments are extrapolated from colorectal cancer (CRC), yet AC has distinct genomic alterations, mucinous morphology and peritoneum restricted metastatic pattern. Further, no stable preclinical models of AC exist, limiting drug discovery and representing an unmet clinical need. We establish a first-in-class stable biobank of 16 long-term cultured AC patient-derived organoids (PDOs), including 3 matched primary AC-peritoneal carcinomatosis (AC-PC) pairs. By enriching for cancer cells, AC PDOs enable accurate genomic characterization relative to paucicellular AC tissue. We establish an organoid orthotopic intraperitoneal xenograft model that recapitulates diffuse peritoneal carcinomatosis and show that PC-organoids retain increased metastatic capacity, decreased growth factor dependency and sensitivity to standard of care chemotherapy relative to matched primary AC organoids. Single cell profiling of AC-PC pairs reveals dedifferentiation from mucinous differentiated states in primary AC into intestinal stem cell and fetal progenitor states in PC, with upregulation of oncogenic signaling pathways. Through hypothesis-driven drug testing, we identify RAS inhibitor RMC-7977 and Wnt-targeting tyrosine kinase inhibitor WNTinib as novel, clinically actionable strategies to more effectively target AC-PC.",Homo sapiens,Expression profiling by high throughput sequencing,6,24676,NA,2026/04/29,TRUE,FALSE,FALSE,FALSE,FALSE,FALSE,TRUE,4,https://www.ncbi.nlm.nih.gov/geo/query/acc.cgi?acc=GSE303732,NA
GSE279979,GSE,Patient-derived Organoids and Xenografts Uncover Therapeutic Vulnerabilities in Colorectal Signet Ring Cell Carcinomas,"Purpose: Identifying therapeutic targets for Signet Ring Cell Carcinoma (SRCC) of the colon and rectum is a clinical challenge due to the lack of Patient-Derived Organoids (PDO) or Xenografts (PDX). We present a robust method to establish PDO and PDX models to address this unmet need. We demonstrate that these models identify novel therapeutic strategies targeting therapy resistance and peritoneal metastasis. Experimental Design: We derived nine PDO and PDX models from colorectal SRCC patients. Detailed histopathological characterization confirmed the fidelity of these models to the original tumors. Drug sensitivity assays were conducted in vitro and in vivo to assess therapeutic efficacy and impact on peritoneal metastasis. An RNA-seq analysis was performed to identify critical pathways contributing to therapy resistance and metastatic progression. Results: We successfully developed and characterized PDO and PDX models from nine SRCC patients. The SRCC PDO and PDX models exhibited histopathological features consistent with the original tumors, including high mucin content and eccentric nuclei. They demonstrated increased sensitivity to FOLFIRI combined with paclitaxel or vincristine, reducing peritoneal metastasis. RNA-seq analysis revealed the upregulation of autophagy genes in SRCC. Treatment with chloroquine alone resulted in decreased tumor growth and peritoneal metastasis. Conclusions: Our study establishes PDO and PDX models as robust platforms for studying SRCC and identifying potential therapeutic strategies. Combining FOLFIRI with paclitaxel/ vincristine or chloroquine alone inhibits tumor growth and prevents peritoneal metastasis, showing promise for clinical translation. These findings suggest that combining FOLFIRI with IP paclitaxel warrants further investigation in Phase I clinical trials for SRCC patients. These model systems offer a valuable tool to uncover new treatments for these aggressive and therapy-resistant tumors.",Homo sapiens,Expression profiling by high throughput sequencing,6,24676,39879477,2025/01/22,TRUE,FALSE,FALSE,FALSE,FALSE,FALSE,TRUE,4,https://www.ncbi.nlm.nih.gov/geo/query/acc.cgi?acc=GSE279979,https://pubmed.ncbi.nlm.nih.gov/39879477/
GSE239386,GSE,Trellis Single-Cell Screening Reveals Stromal Regulation of Patient-Derived Organoid Drug Responses,"Patient-derived organoids (PDOs) can model personalized therapy responses, however current screening technologies cannot reveal drug response mechanisms or how tumor microenvironment cells alter therapeutic performance. To address this, we developed a highly-multiplexed mass cytometry platform to measure post translational modification (PTM) signaling, DNA-damage, cell-cycle activity, and apoptosis in >2,500 colorectal cancer (CRC) PDOs and cancer associated fibroblasts (CAFs) in response to clinical therapies at single-cell resolution. To compare patient- and microenvironment specific drug responses in thousands of single-cell datasets, we developed Trellis — a highly-scalable, hierarchical tree-based treatment effect analysis method. Trellis single-cell screening revealed that on-target cell-cycle blockage and DNA-damage drug effects are common, even in chemorefractory PDOs. However, drug-induced apoptosis is rare, patient-specific, and aligns with cancer cell PTM signaling. We find that CAFs can regulate cancer cell plasticity — shifting proliferative stem cells to slow-cycling revival stem cells via YAP to protect cancer cells from chemotherapy.",Homo sapiens,Expression profiling by high throughput sequencing,4,24676,38065081,2023/12/06,TRUE,FALSE,FALSE,FALSE,FALSE,FALSE,TRUE,4,https://www.ncbi.nlm.nih.gov/geo/query/acc.cgi?acc=GSE239386,https://pubmed.ncbi.nlm.nih.gov/38065081/
GSE164161,GSE,p53 wild-type colorectal cancer cells that express a fetal gene signature are associated with metastasis and poor prognosis,"Current therapy against colorectal cancer (CRC) is based on DNA-damaging agents that remain ineffective in a proportion of patients. Whether and how non-curative DNA damage-based treatment affects tumor cell behavior and patient outcome is primarily unstudied. Using CRC patient-derived organoids (PDO)s, we show that sublethal doses of chemotherapy (CT) does not select previously resistant tumor populations but induces a quiescent state specifically to TP53 wildtype (WT) cancer cells, which is linked to the acquisition of a YAP1-dependent fetal phenotype. Cells displaying this phenotype exhibit high tumor-initiating and metastatic activity. Nuclear YAP1 and fetal traits are present in a proportion of tumors at diagnosis and predict poor prognosis in patients carrying TP53 WT CRC tumors. We provide data indicating the higher efficacy of CT together with YAP1 inhibitors for eradication of therapy resistant TP53 WT cancer cells. Together these results identify fetal conversion as a useful biomarker for patient prognosis and therapy prescription.",Homo sapiens,Genome binding/occupancy profiling by high throughput sequencing,3,11154,35606354,2022/04/08,TRUE,FALSE,FALSE,FALSE,FALSE,FALSE,TRUE,4,https://www.ncbi.nlm.nih.gov/geo/query/acc.cgi?acc=GSE164161,https://pubmed.ncbi.nlm.nih.gov/35606354/
GSE312260,GSE,Gene expression profile at single cell level of Irinotecan-sensitive and Irinotecan-resistant organoids for colorectal cancer,Organoids derived from both patients contained only epithelial cells.,Homo sapiens,Expression profiling by high throughput sequencing,2,24676,41678386,2026/07/07,TRUE,FALSE,FALSE,TRUE,FALSE,FALSE,FALSE,4,https://www.ncbi.nlm.nih.gov/geo/query/acc.cgi?acc=GSE312260,https://pubmed.ncbi.nlm.nih.gov/41678386/
GSE312082,GSE,Translatome and transcriptome sequencing data of 16-day kinetic response in colorectal cancer to 5-FU chemotherapy,"Resistance to 5-fluorouracil (5-FU) remains a major challenge in colorectal cancer therapy, often resulting in tumor relapse fueled by drug-tolerant persister (DTP) cells. Unexpectedly, instead of suppressing translation under chemotherapeutic stress, 5-FU by integrating ribosomal RNA of persister cells drives a transient surge in protein synthesis, revealing a distinct adaptive state. This translational reprogramming drives a highly plastic subpopulation that supports survival under drug pressure. Integrated translatome profiling uncovered selective translation of mRNAs linked to survival pathways including epigenetic and metabolic changes, apoptosis resistance, cell cycle arrest and a senescence-like phenotype. Together, our findings uncover active translation as an unrecognized hallmark of the DTP state.",Homo sapiens,Expression profiling by high throughput sequencing,36,24676,NA,2025/12/07,FALSE,TRUE,FALSE,FALSE,FALSE,TRUE,FALSE,3,https://www.ncbi.nlm.nih.gov/geo/query/acc.cgi?acc=GSE312082,NA
GSE218558,GSE,RNAseq of colorectal cancer organoids,We tested transcript profile of colorectal cancer (CRC) organoid from CRC patients. We compared the transcripts profile change between drug resistant organoid and drug sensitive organoid.,Homo sapiens,Expression profiling by high throughput sequencing,26,18573,NA,2022/11/29,TRUE,FALSE,FALSE,FALSE,FALSE,FALSE,FALSE,3,https://www.ncbi.nlm.nih.gov/geo/query/acc.cgi?acc=GSE218558,NA
GSE145356,GSE,Colorectal cancer cells possess an equipotent capacity to enter a reversible diapause-like state to survive chemotherapy,"Cancer cells enter a reversible drug tolerant persister (DTP) state to evade death from chemotherapies and targeted agents. It is increasingly appreciated that DTPs are an important driver of therapy failure and tumor relapse. We combined cellular barcoding and mathematical modeling in patient-derived colorectal cancer models to identify and characterize DTPs in response to chemotherapy. Barcode analysis revealed no loss in clonal complexity of tumors that entered the DTP state and recurred following treatment cessation. Our data fits a mathematical model where all cancer cells, and not a small subpopulation, possess an equipotent capacity to become DTPs. Mechanistically, we determined that DTPs display remarkable transcriptional and functional similarities to diapause, a reversible state of suspended embryonic development triggered by unfavorable environmental conditions. Our study provides insight into how cancer cells use a developmentally conserved mechanism to drive the DTP state pointing to novel therapeutic opportunities to target DTPs.",Homo sapiens,Expression profiling by high throughput sequencing,25,18573,33417860,2021/01/07,FALSE,FALSE,FALSE,FALSE,FALSE,TRUE,TRUE,3,https://www.ncbi.nlm.nih.gov/geo/query/acc.cgi?acc=GSE145356,https://pubmed.ncbi.nlm.nih.gov/33417860/
GSE300623,GSE,Transcriptomic analyses of PDX tumors (QQX-17) to gain insight into the mechanisms underlying FOLFOXIRI-induced DTP state.,"Chemotherapy resistance remains a significant challenge, often leading to tumor relapse and poor prognosis. While past efforts to overcome treatment resistance have focused primarily on genetic alterations—such as somatic mutations, chromosomal aberrations, and dysregulated signaling pathways—these insights have yet to translate into effective clinical interventions. The recent discovery of drug-tolerant persister (DTP) cells, which survive therapy through reversible, non-genetic adaptations akin to embryonic diapause, has unveiled a novel mechanism of chemotherapy resistance. To investigate this further, we employed treatment-naïve colorectal cancer (CRC) patient-derived xenograft (PDX) models. Upon reaching a tumor volume of 100 mm³, the PDX models were treated with a single maximum-tolerated dose of the FOLFOXIRI regimen. Post-treatment responses varied, including initial tumor shrinkage followed by regrowth, mirroring the ""sensitivity-DTP-regrowth"" pattern observed in CRC patients. Transcriptomic analyses of these PDX tumors were then conducted to elucidate the mechanisms underlying the FOLFOXIRI-induced DTP state.",Homo sapiens,Expression profiling by high throughput sequencing,17,24676,NA,2026/06/27,FALSE,FALSE,FALSE,FALSE,FALSE,TRUE,TRUE,3,https://www.ncbi.nlm.nih.gov/geo/query/acc.cgi?acc=GSE300623,NA
GSE300621,GSE,Transcriptomic analyses of PDX tumors (QQX-09) to gain insight into the mechanisms underlying FOLFOXIRI-induced DTP state.,"Chemotherapy resistance remains a significant challenge, often leading to tumor relapse and poor prognosis. While past efforts to overcome treatment resistance have focused primarily on genetic alterations—such as somatic mutations, chromosomal aberrations, and dysregulated signaling pathways—these insights have yet to translate into effective clinical interventions. The recent discovery of drug-tolerant persister (DTP) cells, which survive therapy through reversible, non-genetic adaptations akin to embryonic diapause, has unveiled a novel mechanism of chemotherapy resistance. To investigate this further, we employed treatment-naïve colorectal cancer (CRC) patient-derived xenograft (PDX) models. Upon reaching a tumor volume of 100 mm³, the PDX models were treated with a single maximum-tolerated dose of the FOLFOXIRI regimen. Post-treatment responses varied, including initial tumor shrinkage followed by regrowth, mirroring the ""sensitivity-DTP-regrowth"" pattern observed in CRC patients. Transcriptomic analyses of these PDX tumors were then conducted to elucidate the mechanisms underlying the FOLFOXIRI-induced DTP state.",Homo sapiens,Expression profiling by high throughput sequencing,15,24676,NA,2026/06/27,FALSE,FALSE,FALSE,FALSE,FALSE,TRUE,TRUE,3,https://www.ncbi.nlm.nih.gov/geo/query/acc.cgi?acc=GSE300621,NA
GSE83513,GSE,Expression data of GFP-high or low cells of LGR5-GFP or KRT20-GFP knock-in human colorectal tumor organoids.,"We analyzed gene expression of 3 lines LGR5-GFP, 2 lines KRT20-GFP knock-in colorectal tumor organdies.  The cancer stem cell (CSC) theory highlights a self-renewing subpopulation of cancer cells that fuels tumour growth. The existence of human CSCs is mainly supported by xenotransplantation of prospectively isolated cells, but their clonal dynamics and plasticity remain unclear. Here, we show that human LGR5+ colorectal cancer cells serve as CSCs in growing cancer tissues. Lineage-tracing experiments with a tamoxifen inducible Cre knock-in allele of LGR5 reveal the self-renewal and differentiation capacity of LGR5+ tumour cells. Selective ablation of LGR5+ CSCs in LGR5-iCaspase9 knock-in organoids leads to tumour regression, followed by tumour regrowth driven by re-emerging LGR5+ CSCs. KRT20 knock-in reporter marks differentiated cancer cells that constantly diminish in tumour tissues, while reverting to LGR5+ CSCs and contributing to tumour regrowth after LGR5+ CSC ablation. We also show that combined chemotherapy potentiates LGR5+ CSCs targeting. These data provide insights into the plasticity of CSCs and their potential as a therapeutic target in human colorectal cancer.",Homo sapiens,Expression profiling by array,14,15207,28355176,2017/03/30,TRUE,FALSE,FALSE,FALSE,FALSE,FALSE,FALSE,3,https://www.ncbi.nlm.nih.gov/geo/query/acc.cgi?acc=GSE83513,https://pubmed.ncbi.nlm.nih.gov/28355176/
GSE178839,GSE,Alteration of ribosome function upon 5-fluorouracil treatment favours cancer cell drug-tolerance,"Partial response to chemotherapy leads to disease resurgence. Upon treatment, a subpopulation of cancer cells, called drug-tolerant persistent cells, displays a transitory drug tolerance that lead to treatment resistance. Though drug-tolerance mechanisms remain poorly known, they have been linked to non-genomic processes, including epigenetics, stemness and dormancy. 5-fluorouracil (5-FU), the most widely used chemotherapy in cancer treatment, is associated with resistance. While prescribed as an inhibitor of DNA replication, 5-FU alters all RNA pathways. Here, we show that 5-FU treatment leads to the unexpected production of fluorinated ribosomes, exhibiting altered mRNA translation. 5-FU is incorporated into ribosomal RNAs of mature ribosomes in cancer cell lines, colorectal xenografts, and human tumors. Fluorinated ribosomes appear to be functional, yet, they display a selective translational activity towards mRNAs according to the nature of their 5'-untranslated region. As a result, we found that sustained translation of IGF-1R mRNA, which codes for one of the most potent cell survival effectors, promoted the survival of 5-FU-treated colorectal cancer cells. Altogether, our results demonstrate that ""man-made"" fluorinated ribosomes favour the drug-tolerant cellular phenotype by promoting translation of survival genes. This could be exploited for developing novel combined therapies. By unraveling translation regulation as a novel gene expression mechanism helping cells to survive a drug-challenge, our study extends the spectrum of molecular mechanisms driving drug-tolerance.",Homo sapiens,Expression profiling by high throughput sequencing; Other,9,18573,35013311,2021/06/25,FALSE,TRUE,FALSE,FALSE,FALSE,TRUE,FALSE,3,https://www.ncbi.nlm.nih.gov/geo/query/acc.cgi?acc=GSE178839,https://pubmed.ncbi.nlm.nih.gov/35013311/
GSE256404,GSE,SIGNAL-seq: Multimodal Single-cell Inter- and Intra-cellular Signalling Analysis II,"We present SIGNAL-seq (Split-pool Indexing siGNalling AnaLysis by sequencing): a multiplexed split-pool combinatorial barcoding method that simultaneously measures RNA and post-translational modifications (PTMs) in fixed single cells from 3D solid-tumour models. SIGNAL-seq PTM measurements are equivalent to mass cytometry and RNA gene detection is analogous to split-pool barcoding scRNA-seq. By measuring both mRNA ligand-receptor pairs and PTMs in single cells, SIGNAL-seq simultaneously reveals both inter- and intra-cellular signalling in tumour microenvironment organoids.",Homo sapiens,Expression profiling by high throughput sequencing; Other,8,24676,NA,2024/02/24,TRUE,FALSE,FALSE,FALSE,FALSE,FALSE,FALSE,3,https://www.ncbi.nlm.nih.gov/geo/query/acc.cgi?acc=GSE256404,NA
GSE116023,GSE,Mefloquine disrupts cancer stem cells by inhibiting lysosomal RAB5/7 mediated mitophagy,"BACKGROUND & AIMS Cancer stem cells (CSCs) establish hierarchy in tumor tissue and a critical role for acquisition of resistance to therapy. Thus, the targeting of CSCs is important. We focused on lysosome which characteristically upregulated in colon CSCs for the aim of CSC targeting and search for new maintenance of CSCs by analyzing the function of CSC targeting drug.    METHODS Correlation of lysosomal activity and CSC markers was assessed and single sphere formation and limiting dilution assay were performed, to evaluate CSCs property. Additionally, in vitro and vivo, we evaluated that anticancer drugs, antimalarial drugs, antitumor effect by combining them, and changes in cancer stem cell hierarchy. We performed microarray analyses to compare gene expression patterns from the tumors of treated patient derived xenograft mice.    RESULTS LC3B+ or Lysotracker+ cells were characteristically existed in CD44V9+/ CD133+ CSC fraction as a small cell subpopulation. Single sphere formation assay and limiting dilution assay showed higher sphere formation activity and higher tumorigenic activity of LC3B+ or Lysotracker+ cells compared to LC3B－or Lysotracker－cells. Mefloquine treatment significantly decreased CD44v9+/ CD133+ cell number than representative antimalarial drugs, chloroquine and hydroxychloroquine. Mefloquine demonstrated the synergic effect on oxaliplatin and irinotecan. In Microarray analysis, we elucidated that mefloquine disrupted lysosome pathway by inhibiting Rab5 and Rab7. In patient-derived colon cancer tissue xenografted (PDX) mouse model, combined treatment of mefloquine with oxaliplatin or irinotecan drastically abrogated the tumorigenic activity of cancer cells.    CONCLUSIONS Lysosomal activity in CSCs is a promising therapeutic target, and repositioning of mefloquine to colon cancer together with conventional chemotherapeutic agent will be a promising strategy for cure of colon cancer.",Homo sapiens,Expression profiling by array,8,21185,NA,2018/06/20,FALSE,FALSE,TRUE,TRUE,FALSE,FALSE,TRUE,3,https://www.ncbi.nlm.nih.gov/geo/query/acc.cgi?acc=GSE116023,NA
GSE41568,GSE,A Molecular Profile of Colorectal Cancer to Guide Therapy [PDCCEs],"The ability to dissect heterogeneity in colorectal cancer (CRC) is a critical step in developing predictive biomarkers. The goal of this study was to develop a gene expression based molecular subgrouping model, which predicts the likelihood that patients will respond to specific therapies.   Using microarray data compiled from 848 CRC patients, we developed a subgrouping model based on 23 activated oncogenic pathway expression signatures. Stability of the model was validated in two independent data sets.  To test the capacity of our model to predict patient response to specific targeted therapies and to determine the sensitivity of the subgroups to chemotherapy in vivo, we treated patient-derived colorectal cancer explants (PDCCEs) predicted to have high mTOR pathway activity with everolimus or oxaliplatin. Results: A molecular profile of the discovery dataset revealed 8 molecular subgroups of colorectal cancer (MSCC).  Both validation sets also exhibited 8 MSCC and demonstrated significant similarities to the discovery dataset. MSCC predicted to have active mTOR pathway signaling were more sensitive to everolimus compared to MSCC predicted to have low mTOR pathway activity (p=0.016).  Furthermore, MSCCs displayed differential sensitivities to oxaliplatin (p<0.05).   The ability to predict oncogenic signaling pathway activation is a powerful tool that may be used to sub-classify CRCs into clinically relevant MSCCs. Patterns of pathway activation may be used to target specific therapies in CRC patients and identification of sensitivities of MSCC to specific drugs can be a powerful approach to guide therapy for CRC patients.  ",Homo sapiens,Expression profiling by array,133,570,28060954,2016/12/31,FALSE,FALSE,TRUE,FALSE,FALSE,FALSE,TRUE,2,https://www.ncbi.nlm.nih.gov/geo/query/acc.cgi?acc=GSE41568,https://pubmed.ncbi.nlm.nih.gov/28060954/
GSE287956,GSE,CAN-Scan: a multi-omic phenotype-driven precision oncology platform identifies prognostic biomarkers of therapy response for colorectal cancer,"Application of machine learning (ML) on cancer-specific pharmacogenomic datasets shows immense promise for identifying predictive response-biomarkers to enable personalized treatment. We introduce CAN-Scan, a precision oncology platform, that applies ML on next-generation pharmacogenomic datasets generated from a freeze-viable biobank of patient-derived primary cell lines (PDCs). These PDCs are screened against 84 FDA-approved drugs at clinically relevant doses (Cmax), focusing on colorectal cancer (CRC) as a model system. CAN-Scan uncovers prognostic biomarkers and alternative treatment strategies, particularly for patients unresponsive to first-line chemotherapy. Specifically, it identifies gene expression signatures linked to resistance against 5-Fluorouracil (5FU)-based drugs and a focal copy number gain on chromosome 7q, harbouring critical resistance-associated genes. CAN-Scan-derived response signatures accurately predict clinical outcomes across four independent, ethnically-diverse CRC cohorts. Notably, drug-specific ML models reveal Regorafenib and Vemurafenib as alternative treatments for BRAF-expressing, 5FU-insensitive CRC. Altogether, this approach demonstrates significant potential in improving biomarker-discovery and guiding personalized treatments.",Homo sapiens,Expression profiling by high throughput sequencing,69,24676,40187357,2025/04/04,FALSE,TRUE,FALSE,FALSE,FALSE,FALSE,TRUE,2,https://www.ncbi.nlm.nih.gov/geo/query/acc.cgi?acc=GSE287956,https://pubmed.ncbi.nlm.nih.gov/40187357/
GSE35144,GSE,Molecular Evaluation of Patient-Derived Colorectal Cancer Explants as a Pre-clinical Mouse Model of Colorectal Cancer,"Mouse models have been developed to investigate colorectal cancer etiology and evaluate new anti-cancer therapies.  While genetically engineered and carcinogen-induced mouse models have provided important information with regard to the mechanisms underlying the oncogenic process, xenograft models remain the standard for the evaluation of new chemotherapy and targeted drug treatments for clinical use.  However, it remains unclear if drug efficacy data obtained from xenograft models translate into clinically-relevant treatment modalities.  In this study, we have generated a panel of 28 patient-derived colorectal cancer explants (PDCCEs), an extension of our previous work, by direct transplantation of human colorectal cancer (CRC) tissues into NOD-SCID mice.  A comprehensive histological and molecular evaluation of PDCCEs and their corresponding patient tumor demonstrates that PDCCEs maintain histological features and global biology through multiple passages.  Furthermore, we demonstrate that in vivo sensitivity of PDCCEs to oxaliplatin can predict patient outcomes. Our findings suggest that PDCCEs maintain similarity to the patient tumor from which they are derived and can serve as a reliable preclinical model that can be incorporated into future strategies to optimize individual therapy for patients with CRC.",Homo sapiens,Expression profiling by array,64,570,22675560,2012/06/07,FALSE,FALSE,TRUE,FALSE,FALSE,FALSE,TRUE,2,https://www.ncbi.nlm.nih.gov/geo/query/acc.cgi?acc=GSE35144,https://pubmed.ncbi.nlm.nih.gov/22675560/
GSE28691,GSE,Characterization of an Oxaliplatin Sensitivity Predictor in a preclinical Murine Model of Colorectal Cancer,"Despite advances in contemporary chemotherapeutic strategies, long term survival still remains elusive for patients with metastatic colorectal cancer. A better understanding of the molecular markers of drug sensitivity to match therapy with patient is needed to improve clinical outcomes. In this study, we used in vitro drug sensitivity data from the NCI-60 cell lines together with their Affymetrix microarray data to develop a gene expression signature to predict sensitivity to oxaliplatin. In order to validate our oxaliplatin sensitivity signature, Patient-Derived Colorectal Cancer Explants (PDCCEs) were developed in NOD-SCID mice from resected human colorectal tumors. Analysis of gene expression profiles found similarities between the PDCCEs and their parental human tumors, suggesting their utility to study drug sensitivity in vivo. The oxaliplatin sensitivity signature was then validated in vivo with response data from 14 PDCCEs treated with oxaliplatin and was found to have an accuracy of 92.9% (Sensitivity=87.5%; Specificity=100%). Our findings suggest that PDCCEs can be a novel source to study drug sensitivity in colorectal cancer. Furthermore, genomic-based analysis has the potential to be incorporated into future strategies to optimize individual therapy for patients with metastatic colorectal cancer. ",Homo sapiens,Expression profiling by array,42,571,22351745,2012/02/17,FALSE,FALSE,TRUE,FALSE,FALSE,FALSE,TRUE,2,https://www.ncbi.nlm.nih.gov/geo/query/acc.cgi?acc=GSE28691,https://pubmed.ncbi.nlm.nih.gov/22351745/
GSE178585,GSE,"Circadian clock, carcinogenesis, chronochemotherapy connections","The circadian clock controls the expression of nearly 50% of protein coding genes in mice, and most likely in humans as well. Therefore, disruption of the circadian clock is presumed to have serious pathological effects including cancer. However, epidemiological studies on individuals with circadian disruption because of night shift or rotating shift work have produced contradictory data not conducive to scientific consensus as to whether circadian disruption increases the incidence of breast, ovarian, prostate or colorectal cancers. Similarly, genetically engineered mice with clock disruption do not exhibit spontaneous or radiation-induced cancers at higher incidence than wild-type controls. Because many cellular functions including the cell cycle and cell division are, at least in part, controlled by the molecular clock components (CLOCK, BMAL1, CRYs, PERs), it has also been expected that appropriate timing of chemotherapy may increase the efficacy of chemotherapeutic drugs and ameliorate their side effect. However, empirical attempts at chronochemotherapy have not produced beneficial outcomes. Using mice without and with human tumor xenografts, sites of DNA damage and repair following treatment with the anticancer drug cisplatin have been mapped genome-wide at single nucleotide resolution and as a function of circadian time. The data indicate that mechanism-based studies such as these may provide information necessary for devising rational chronochemotherapy regimens.",Homo sapiens; Mus musculus,Other,36,21103;20301,34375638,2021/06/22,FALSE,FALSE,FALSE,FALSE,TRUE,FALSE,FALSE,2,https://www.ncbi.nlm.nih.gov/geo/query/acc.cgi?acc=GSE178585,https://pubmed.ncbi.nlm.nih.gov/34375638/
GSE125404,GSE,Patient-derived scaffolds of colorectal cancer metastases as an organotypic 3D model of liver metastatic colonization​,"The liver is the most common site for colorectal cancer (CRC) metastasis and new tissue culture models are needed to study hepatic metastasis from CRC as none of the current models mimic the biological, biochemical and structural characteristics of the metastatic microenvironment. Decellularization provides a novel approach for the study of cancer extracellular matrix (ECM) as decellularized scaffolds retained their tissue-specific features and biological properties. In the present study we created a 3D model of CRC and matched CRC liver metastasis (CRLM) using patient-derived decellularized ECM scaffolds seeded with HT-29 CRC cell line. Here we show increased HT-29 cell proliferation and migration capability when cultured in cancer-derived scaffolds compared to same-patient healthy colon and liver tissues. CRLM scaffolds also induced activation of epithelial-mesenchymal transition (EMT) with cancer cells showing loss of E-cadherin expression and increased Vimentin expression. EMT was confirmed by gene expression profiling, with the most represented biological processes in CRLM-seeded scaffolds involving demethylation, deacethylation, cellular response to stress metabolic processes, response to oxygen level and to starvation. The complex 3D culture environment reduced the HT-29 cell response to anti-CRC drug 5-FU when used at standard IC50 determined in 2D cultures. In conclusion, our 3D culture system with patient-derived tissue-specific decellularized ECM better recapitulates the metastatic microenvironment compared to conventional 2D culture conditions and represents a relevant approach for the study of liver CRC metastasis formation and progression. Transcriptomic analysis was performed comparing the global gene expression profiles of HT29 cells grown on CRLM and HL scaffolds. The transcriptomic profile of each 3D subtype was compared with HT29 cells grown in plastic. Hierarchical clustering analysis revealed that the gene expression signature of recellularized CRLM scaffolds was more comparable to recellularized HL scaffolds, than to HT29 cells grown in 2D. Gene set enrichment analysis (GSEA) of the differently expressed genes (DEG) up-regulated in recellularized CRLM scaffolds compared to HT29 grown in 2D revealed that genes involved in demethylation, deacethylation and metabolic process belong to the most enriched biological pathways in repopulated-CRLM scaffolds. Comparing the DEG between recellularized CRLM scaffolds vs HT29 grown in 2D with a series of a-priori defined gene-set, called Hallmark, we obtained concordant results with the “HYPOXIA” and “EPITHELIAL_MESENCHYMAL_TRANSITION” pathway, enriched in recellularized CRLM, supporting the idea that 3D culture models are the ability to re-create a complex environment in terms of oxygen tension, nutrients, and metabolic gradient, similarly to the in vivo environment.",Homo sapiens,Expression profiling by array,10,23159,NA,2019/11/30,FALSE,TRUE,FALSE,FALSE,FALSE,FALSE,TRUE,2,https://www.ncbi.nlm.nih.gov/geo/query/acc.cgi?acc=GSE125404,NA
GSE128998,GSE,"SNHG15 is a bifunctional MYC-regulated noncoding locus encoding a lncRNA that promotes cell proliferation, invasion and drug resistance in colorectal cancer by interacting with AIF","Thousands of long noncoding RNAs (lncRNAs) are aberrantly expressed in various types of cancers, however our understanding of their role in the disease is still very limited.   We applied RNAseq analysis from patient-derived data with validation in independent cohort of patients. We followed these studies with gene regulation analysis as well as experimental dissection of the role of the identified lncRNA by multiple in vitro and in vivo methods. We analyzed RNA-seq data from tumors of 456 CRC patients compared to normal samples, and identified SNHG15 as a potentially oncogenic lncRNA that encodes a snoRNA in one of its introns.  The processed SNHG15 is overexpressed in CRC tumors and its expression is highly correlated with poor survival of patients. Interestingly, SNHG15 is more highly expressed in tumors with high levels of MYC expression, while MYC protein binds to two E-box motifs on SNHG15 sequence, indicating that SNHG15 transcription is directly regulated by the oncogene MYC. The depletion of SNHG15 by siRNA or CRISPR-Cas9 inhibits cell proliferation and invasion, decreases colony formation as well as the tumorigenic capacity of CRC cells, whereas its overexpression leads to opposite effects. Gene expression analysis performed upon SNHG15 inhibition showed changes in multiple relevant genes implicated in cancer progression, including MYC, NRAS, BAG3 or ERBB3. Several of these genes are functionally related to AIF, a protein that we found to specifically interact with SNHG15, suggesting that the SNHG15 acts, at least in part, by regulating the activity of AIF. Interestingly, ROS levels, which are directly regulated by AIF, show a significant reduction in SNHG15-depleted cells. Moreover, knockdown of SNHG15 increases the sensitiveness of the cells to 5-FU, while its overexpression renders them more resistant to the chemotherapeutic drug. Altogether, these results describe an important role of SNHG15 in promoting colon cancer and mediating drug resistance, suggesting its potential as prognostic marker and target for RNA-based therapies.",Homo sapiens,Expression profiling by high throughput sequencing,6,18573,31014355,2019/03/29,FALSE,TRUE,FALSE,FALSE,FALSE,FALSE,TRUE,2,https://www.ncbi.nlm.nih.gov/geo/query/acc.cgi?acc=GSE128998,https://pubmed.ncbi.nlm.nih.gov/31014355/
GSE97693,GSE,Single-cell Multi-omics Sequencing and Analyses of Human Colorectal Cancer,"Although genomic instability, epigenetic abnormality, and gene expression dysregulation are hallmarks of colorectal cancer, these features have not been simultaneously analyzed at single-cell resolution. Using optimized single-cell multi-omics sequencing together with multi-regional sampling of the primary tumor, lymphatic and distant metastases, we provide insights beyond intratumoral heterogeneity. Genome-wide DNA methylation levels were relatively consistent within a single genetic sub-lineage. The genome-wide DNA demethylation patterns of cancer cells were consistent in all 10 sequenced patients. Our work demonstrates the feasibility of reconstructing genetic lineages, and tracing their epigenomic and transcriptomic dynamics with single-cell multi-omics sequencing.",Homo sapiens,Expression profiling by high throughput sequencing; Methylation profiling by high throughput sequencing,2503,20301,30498128,2018/11/29,FALSE,FALSE,FALSE,FALSE,FALSE,FALSE,TRUE,1,https://www.ncbi.nlm.nih.gov/geo/query/acc.cgi?acc=GSE97693,https://pubmed.ncbi.nlm.nih.gov/30498128/
GSE203071,GSE,Machine-learning detects non-invasive 5-hydroxymeythylcytosine biomarkers for predicting response to chemotherapy in patients with metastatic colorectal cancer,"Background: For the majority of patients of metastatic colorectal cancer (mCRC), systematic chemotherapy has been a choice for palliative treatment. When first-line chemotherapies do not work, targeted therapies are administered. Because of inter-individual genetic and epigenetic variations, patients with mCRC who are treated with these therapies may respond differently. It is of great clinical interest to elucidate response mechanisms that could be utilized in predicting individual response to these treatments.   Methods: A highly sensitive technique, the 5hmC-Seal was applied to profile genome-wide 5-hydroxymethylcytosines (5hmC) in 155 cfDNA samples from patients with mCRC recruited for two clinical trials at Zhongshan Hospital, Fudan University in China. Response to systematic chemotherapy and targeted therapy (becacizumab or cetuximab) (CR, complete response; PR, partial response; SD, stable disease; PD, progressive disease) was measured and a 5hmC-based predictive model in cfDNA was developed using a machine learning approach in the PROVE Study (NCT03679039) (n = 100), followed by validation in the METHOD Study (NCT03599947) (n = 55).  Results: Genome-wide mapping of 5hmC in patient-derived cfDNA suggested a distinct 5hmC landscape showing tissue origin and gene regulatory relevance. A eleven-gene model involving relevant pathways such as Rap1 signaling pathway, cAMP signaling pathway, Phospholipase D signaling pathway and cGMP-PKG signaling pathway, distinguished patients with mCRC who responded to chemotherapy, regardless of targeted therapy, resectability, or mutation status in the validation samples (AUC=0.77; 95% CI, 0.64-0.90), outperforming RAS mutation status (AUC=0.70; 95% CI, 0.57-0.83). In addition, the 5hmC model also showed a trend of capacity for predicting progression-free survival (PFS) for mCRC.   Conclusions: Genome-wide mapping reflected relevant pathways and functional interaction networks implicated in the determination of treatment response for patients with mCRC. The 5hmC-Seal model in cfDNA provided a promising non-invasive method for predicting response to systematic chemotherapy in patients with mCRC, who will be essential for personalized medicine.",Homo sapiens,Expression profiling by high throughput sequencing,155,18573;24676,NA,2025/01/01,FALSE,FALSE,FALSE,FALSE,FALSE,FALSE,TRUE,1,https://www.ncbi.nlm.nih.gov/geo/query/acc.cgi?acc=GSE203071,NA
GSE100480,GSE,Consensus Molecular Subtypes of colorectal cancer are recapitulated in in vitro and in vivo models [patient tumors and PDX models],"Colorectal cancer (CRC) is a highly heterogeneous disease both from a molecular and clinical perspective. Several distinct molecular entities, such as microsatellite instability (MSI), have been defined that make up biologically distinct subgroups with their own clinical course. Recent data indicated that CRC can be best segregated into four groups called Consensus Molecular Subtypes (CMS1-4), which each have a unique biology and gene expression pattern. In order to develop improved, subtype-specific therapies and to gain insight into the molecular wiring and origin of these subtypes, reliable models are needed. This study was designed to determine the heterogeneity and identify the presence of CMSs in a large panel of CRC cell lines, primary cultures and patient-derived xenografts (PDX). We provide a repository encompassing this heterogeneity and moreover describe that a large part of the models can be robustly assigned to one of the four CMSs, independent of the stromal contribution. We subsequently validate our CMS stratification by functional analysis which for instance shows mesenchymal enrichment in CMS4 and metabolic dysregulation in CMS3. Finally, we observe a clear difference in sensitivity to chemotherapy-induced apoptosis, specifically between CMS2 and CMS4. This relates to the in vivo efficacy of chemotherapy, which delays outgrowth of CMS2, but not CMS4 xenografts. This indicates that molecular subtypes are faithfully modelled in the CRC cell cultures and PDXs, representing tumour cell intrinsic and stable features. This repository provides researchers with a platform to study CRC using the existing heterogeneity.",Homo sapiens,Expression profiling by array,55,13158,29305587,2017/12/01,FALSE,FALSE,FALSE,FALSE,FALSE,FALSE,TRUE,1,https://www.ncbi.nlm.nih.gov/geo/query/acc.cgi?acc=GSE100480,https://pubmed.ncbi.nlm.nih.gov/29305587/
GSE73906,GSE,Gene Expression Profiles of 4 CRC PDX models treated by RSPO3 antagonist.,"RSPO is a WNT pathway activator and functions as a potent regulator of stem cell growth in colon. RSPO family members were produced by several human tumors representing multiple tumor types including ovarian, pancreatic, colon, breast and lung cancer.  Specific monoclonal antibody antagonists of RSPO family members were developed. In human patient-derived tumor xenograft models, anti-RSPO treatment markedly inhibited tumor growth either as single agents or in combination with chemotherapy. Furthermore, blockade of RSPO signaling reduced the tumorigenicity of cancer cells based on serial transplantation studies. In order to assess the impact of RSPO3 inhibition and gain insight in the anti-RSPO3 treatment mechanism of action, the global gene expression profiles of 4 human colorectal cancer patient derived models (PDX) were performed using Affymetrix microarray for the xenografts treated by the anti-RSPO3 antibody.",Homo sapiens,Expression profiling by array,36,570,26719531,2016/03/03,FALSE,FALSE,FALSE,FALSE,FALSE,FALSE,TRUE,1,https://www.ncbi.nlm.nih.gov/geo/query/acc.cgi?acc=GSE73906,https://pubmed.ncbi.nlm.nih.gov/26719531/
GSE100479,GSE,Consensus Molecular Subtypes of colorectal cancer are recapitulated in in vitro and in vivo models [primary cell lines Hubrecht Institute],"Colorectal cancer (CRC) is a highly heterogeneous disease both from a molecular and clinical perspective. Several distinct molecular entities, such as microsatellite instability (MSI), have been defined that make up biologically distinct subgroups with their own clinical course. Recent data indicated that CRC can be best segregated into four groups called Consensus Molecular Subtypes (CMS1-4), which each have a unique biology and gene expression pattern. In order to develop improved, subtype-specific therapies and to gain insight into the molecular wiring and origin of these subtypes, reliable models are needed. This study was designed to determine the heterogeneity and identify the presence of CMSs in a large panel of CRC cell lines, primary cultures and patient-derived xenografts (PDX). We provide a repository encompassing this heterogeneity and moreover describe that a large part of the models can be robustly assigned to one of the four CMSs, independent of the stromal contribution. We subsequently validate our CMS stratification by functional analysis which for instance shows mesenchymal enrichment in CMS4 and metabolic dysregulation in CMS3. Finally, we observe a clear difference in sensitivity to chemotherapy-induced apoptosis, specifically between CMS2 and CMS4. This relates to the in vivo efficacy of chemotherapy, which delays outgrowth of CMS2, but not CMS4 xenografts. This indicates that molecular subtypes are faithfully modelled in the CRC cell cultures and PDXs, representing tumour cell intrinsic and stable features. This repository provides researchers with a platform to study CRC using the existing heterogeneity.",Homo sapiens,Expression profiling by array,18,13158,29305587,2017/12/01,FALSE,FALSE,FALSE,FALSE,FALSE,FALSE,TRUE,1,https://www.ncbi.nlm.nih.gov/geo/query/acc.cgi?acc=GSE100479,https://pubmed.ncbi.nlm.nih.gov/29305587/
GSE100478,GSE,Consensus Molecular Subtypes of colorectal cancer are recapitulated in in vitro and in vivo models [cell line panel],"Colorectal cancer (CRC) is a highly heterogeneous disease both from a molecular and clinical perspective. Several distinct molecular entities, such as microsatellite instability (MSI), have been defined that make up biologically distinct subgroups with their own clinical course. Recent data indicated that CRC can be best segregated into four groups called Consensus Molecular Subtypes (CMS1-4), which each have a unique biology and gene expression pattern. In order to develop improved, subtype-specific therapies and to gain insight into the molecular wiring and origin of these subtypes, reliable models are needed. This study was designed to determine the heterogeneity and identify the presence of CMSs in a large panel of CRC cell lines, primary cultures and patient-derived xenografts (PDX). We provide a repository encompassing this heterogeneity and moreover describe that a large part of the models can be robustly assigned to one of the four CMSs, independent of the stromal contribution. We subsequently validate our CMS stratification by functional analysis which for instance shows mesenchymal enrichment in CMS4 and metabolic dysregulation in CMS3. Finally, we observe a clear difference in sensitivity to chemotherapy-induced apoptosis, specifically between CMS2 and CMS4. This relates to the in vivo efficacy of chemotherapy, which delays outgrowth of CMS2, but not CMS4 xenografts. This indicates that molecular subtypes are faithfully modelled in the CRC cell cultures and PDXs, representing tumour cell intrinsic and stable features. This repository provides researchers with a platform to study CRC using the existing heterogeneity.",Homo sapiens,Expression profiling by array,18,13158,29305587; 33917026,2017/12/01,FALSE,FALSE,FALSE,FALSE,FALSE,FALSE,TRUE,1,https://www.ncbi.nlm.nih.gov/geo/query/acc.cgi?acc=GSE100478,https://pubmed.ncbi.nlm.nih.gov/29305587/
GSE231560,GSE,"Alternative splicing at a broad spectrum of target genes underlie epithelial to mesenchymal plasticity, metastatic dissemination, and resistance to chemotherapy in high-grade serous ovarian cancer.","Phenotypic plasticity, defined as the ability of individual cells with stable genotypes to exert different phenotypes upon exposure to specific environmental cues, represent the quintessential hallmark of the cancer cell en route from the primary lesion to distant organ sites where metastatic colonization will occur. Phenotypic plasticity is driven by a broad spectrum of epigenetic mechanisms that allow for the reversibility of epithelial-to-mesenchymal and mesenchymal-to-epithelial transitions (EMT/MET). By taking advantage of the co-existence of epithelial and quasi-mesenchymal cells within immortalized cancer cell lines, we have analyzed the role of EMT-related gene isoforms in the regulation of epithelial mesenchymal plasticity (EMP) in high grade serous ovarian cancer. When compared with colon cancer, a distinct spectrum of downstream targets characterizes quasi-mesenchymal ovarian cancer cells, likely to reflect the different modalities of metastasis formation between these two types of malignancy, i.e. hematogenous in colon and transcoelomic in ovarian cancer. Moreover, upstream RNA-binding proteins differentially expressed between epithelial and quasi-mesenchymal subpopulations of ovarian cancer cells were identified that underlie differential regulation of EMT-related isoforms. In particular, the up- and down-regulation of RBM24 and ESRP1, respectively, represent a main regulator of EMT in ovarian cancer cells. To validate the functional and clinical relevance of our approach, we selected and functionally analyzed the Tropomyosin 1 gene (TPM1), encoding for a protein that specifies the functional characteristics of individual actin filaments in contractile cells, among the ovarian-specific downstream AS targets. The low-molecular weight Tpm1.8/9 isoforms are specifically expressed in patient-derived ascites and promote invasion through activation of EMT and Wnt signaling, together with a broad spectrum of inflammation-related pathways. Moreover, Tpm1.8/9 expression confers resistance to taxane- and platinum-based chemotherapy. Small molecule inhibitors that target the Tpm1 isoforms support targeting Tpm1.8/9 as therapeutic targets for the development of future tailor-made clinical interventions.",Homo sapiens,Expression profiling by high throughput sequencing,15,28038,38365970,2024/02/17,FALSE,FALSE,FALSE,FALSE,FALSE,FALSE,TRUE,1,https://www.ncbi.nlm.nih.gov/geo/query/acc.cgi?acc=GSE231560,https://pubmed.ncbi.nlm.nih.gov/38365970/
GSE100549,GSE,Consensus Molecular Subtypes of colorectal cancer are recapitulated in in vitro and in vivo models [primary cell lines AMC/Palermo],"Colorectal cancer (CRC) is a highly heterogeneous disease both from a molecular and clinical perspective. Several distinct molecular entities, such as microsatellite instability (MSI), have been defined that make up biologically distinct subgroups with their own clinical course. Recent data indicated that CRC can be best segregated into four groups called Consensus Molecular Subtypes (CMS1-4), which each have a unique biology and gene expression pattern. In order to develop improved, subtype-specific therapies and to gain insight into the molecular wiring and origin of these subtypes, reliable models are needed. This study was designed to determine the heterogeneity and identify the presence of CMSs in a large panel of CRC cell lines, primary cultures and patient-derived xenografts (PDX). We provide a repository encompassing this heterogeneity and moreover describe that a large part of the models can be robustly assigned to one of the four CMSs, independent of the stromal contribution. We subsequently validate our CMS stratification by functional analysis which for instance shows mesenchymal enrichment in CMS4 and metabolic dysregulation in CMS3. Finally, we observe a clear difference in sensitivity to chemotherapy-induced apoptosis, specifically between CMS2 and CMS4. This relates to the in vivo efficacy of chemotherapy, which delays outgrowth of CMS2, but not CMS4 xenografts. This indicates that molecular subtypes are faithfully modelled in the CRC cell cultures and PDXs, representing tumour cell intrinsic and stable features. This repository provides researchers with a platform to study CRC using the existing heterogeneity.",Homo sapiens,Expression profiling by array,15,13158,29305587,2017/12/01,FALSE,FALSE,FALSE,FALSE,FALSE,FALSE,TRUE,1,https://www.ncbi.nlm.nih.gov/geo/query/acc.cgi?acc=GSE100549,https://pubmed.ncbi.nlm.nih.gov/29305587/
GSE54665,GSE,miR-634 restores drug sensitivity in resistant ovarian cancer cells by targeting the Ras-MAPK pathway,"The development of drug resistance is still a major impediment for the successful treatment of cancer, such as advanced stage ovarian cancer, which has a 5-year survival rate of only 30%. The molecular processes that contribute to resistance have been extensively studied, however, not much is known about the role of microRNAs. We compared microRNA expression profiles of three isogenic cisplatin sensitive and resistant cell line pairs. The only microRNA that was consistently downregulated (FDR = 0.000) in all resistant cell lines was miR-634. We investigated the effects of miR-634 modulation in ovarian cancer cell lines and patient derived tumor cells. Overexpression of miR-634 gave rise to a modest G1 phase block and enhanced apoptosis. Furthermore, miR-634 resensitized resistant ovarian cancer cell lines and patient derived tumor cells to cisplatin chemotherapy. Similarly, miR-634 enhanced the response of tumor cells to carboplatin and doxorubicin, but not to paclitaxel. We showed that miR-634 regulates cyclin D1 (CCND1), which is required for the G1-S phase transition, explaining the effects on the cell cycle. In addition, miR-634 repressed expression of GRB2, ERK2, RSK1 and RSK2, components of the Ras-MAPK pathway. Altogether, our findings suggest that miR-634 modulates several cancer relevant targets and therefore miR-634 is an attractive therapeutic candidate to resensitize chemotherapy resistant ovarian tumors.",Homo sapiens,Non-coding RNA profiling by array,14,16851,26576679,2014/02/04,FALSE,FALSE,FALSE,FALSE,FALSE,FALSE,TRUE,1,https://www.ncbi.nlm.nih.gov/geo/query/acc.cgi?acc=GSE54665,https://pubmed.ncbi.nlm.nih.gov/26576679/
GSE212897,GSE,Expression of miRNAs in patient-derived cancer models and models of drug resistance,We examined whether tumor samples can be stratified according to miRNA expression profiles.,Homo sapiens,Expression profiling by high throughput sequencing,12,18573,37734378,2023/11/01,FALSE,FALSE,FALSE,FALSE,FALSE,FALSE,TRUE,1,https://www.ncbi.nlm.nih.gov/geo/query/acc.cgi?acc=GSE212897,https://pubmed.ncbi.nlm.nih.gov/37734378/
GSE302491,GSE,AURKA-Mediated 7-Dehydrocholesterol Biosynthesis Drives Ferroptosis Evasion and Chemoresistance,"Chemoresistance remains a major obstacle to effective colorectal cancer (CRC) treatment. While ferroptosis induction offers promise for chemosensitization, its clinical utility is limited by intrinsic resistance mechanisms. Here, we identify Aurora kinase A (AURKA) as a central ferroptosis suppressor that sustains chemoresistance by rewiring cholesterol metabolism through the SAPS3–AMPK–SREBP2 axis. Mechanistically, AURKA phosphorylates SAPS3 at Ser523/524, promoting its degradation and relieving AMPK suppression. Activated AMPK subsequently inhibits SREBP2 nuclear translocation and DHCR7 transcription, resulting in the accumulation of 7-dehydrocholesterol (7-DHC), a lipid antioxidant that confers ferroptosis resistance. Both genetic and pharmacologic inhibition of AURKA restore ferroptosis sensitivity and enhance chemotherapy efficacy in vitro and in patient-derived xenograft models. Clinically, elevated AURKA expression correlates with poor prognosis and reduced chemotherapy response in CRC patients. These findings define a novel AURKA-driven chemoresistance mechanism, revealing a regulatory nexus between cholesterol homeostasis and ferroptosis evasion, and position AURKA as a promising therapeutic target for chemosensitization in CRC.",Homo sapiens,Expression profiling by high throughput sequencing,6,30209,NA,2026/03/11,FALSE,FALSE,FALSE,FALSE,FALSE,FALSE,TRUE,1,https://www.ncbi.nlm.nih.gov/geo/query/acc.cgi?acc=GSE302491,NA
GSE93254,GSE,Hypoxic microenvironment activates GLI2 through synergistic action of TGF-β2 and HIF-1α to confer chemoresistance and poor clinical outcome in colorectal cancer [IlluminaExpr_2_CAF_SF_SD208],"Microenvironment has been suggested as an important factor contributing to how the colorectal cancer cells escape therapy, but the exact mechanism leading to chemoresistance remains elusive. Here, through modeling in vitro by cocultivation of patient-derived cancer associated fibroblasts (CAFs) with cancer stem cells (CSCs), we show that CAFs-secreted TGF-β2 is a key stromal factor that coordinates with hypoxia to promote CSC stemness and resistance to chemotherapy. GLI2, a key transcription factor of Hedgehog pathway, was identified as both necessary and sufficient in this process in which TGF-β and hypoxia-inducible factor (HIF-1α) synergize to directly induce GLI2 expression.  Conversely, CSC-secreted TGF-β is also important to support the growth of CAFs but instead induce death of normal fibroblasts, suggesting a reciprocal mechanism to selectively support the CAF-CSC interaction. Small molecule inhibition of both TGF-β and GLI2 effectively reversed the chemoresistance. Finally, expression of TGFB2/HIF1A/GLI2 gene signature as a functional readout of this resistance pathway defines worse clinical outcomes and predicts patients relapse. Our observations uncover a key role of TGF-β/HIF-1α/GLI2 in microenvironment-mediated chemoresistance and reveal novel biomarker and targeting strategies to identify and treat the high risk CRC patients.",Homo sapiens,Expression profiling by array,4,10558,29891662,2019/01/30,FALSE,FALSE,FALSE,FALSE,FALSE,FALSE,TRUE,1,https://www.ncbi.nlm.nih.gov/geo/query/acc.cgi?acc=GSE93254,https://pubmed.ncbi.nlm.nih.gov/29891662/
GSE14,GSE,Cancer Genome Anatomy Project (CGAP) SAGE Libraries,"This series represents the Cancer Genome Anatomy Project SAGE library collection.  Libraries contained herein were either produced through CGAP funding, or donated to CGAP. The Cancer Genome Anatomy Project (CGAP: http://cgap.nci.nih.gov) is an interdisciplinary program established and administered by the National Cancer Institute (NCI: http://www.nci.nih.gov) to generate the information and technological tools needed to decipher the molecular anatomy of the cancer cell.  SAGE libraries are named according to the following convention: * SAGE_Organ_histology_code_unique identifier, e.g., SAGE_Colon_adenocarcinoma_CL_Caco2 * Codes: B = bulk; CL = cell line; CS = short-term cell culture; MD = micro-dissected; AP = antibody purified.  These libraries were downloaded from the CGAP Web site on March 17, 2009  This SuperSeries is composed of the SubSeries listed below.",Homo sapiens; Mus musculus,Expression profiling by SAGE,765,1349;4;11;1485,11257097; 12119410,2001/11/29,FALSE,FALSE,FALSE,FALSE,FALSE,FALSE,FALSE,0,https://www.ncbi.nlm.nih.gov/geo/query/acc.cgi?acc=GSE14,https://pubmed.ncbi.nlm.nih.gov/11257097/
GSE15309,GSE,Cancer Genome Anatomy Project (CGAP) Human SAGE,"This series represents the Cancer Genome Anatomy Project SAGE library collection.  Libraries contained herein were either produced through CGAP funding, or donated to CGAP. The Cancer Genome Anatomy Project (CGAP: http://cgap.nci.nih.gov) is an interdisciplinary program established and administered by the National Cancer Institute (NCI: http://www.nci.nih.gov) to generate the information and technological tools needed to decipher the molecular anatomy of the cancer cell.  SAGE libraries are named according to the following convention: * SAGE_Organ_histology_code_unique identifier, e.g., SAGE_Colon_adenocarcinoma_CL_Caco2 * Codes: B = bulk; CL = cell line; CS = short-term cell culture; MD = micro-dissected; AP = antibody purified.",Homo sapiens,Expression profiling by SAGE,327,4,11257097; 12119410,2009/03/20,FALSE,FALSE,FALSE,FALSE,FALSE,FALSE,FALSE,0,https://www.ncbi.nlm.nih.gov/geo/query/acc.cgi?acc=GSE15309,https://pubmed.ncbi.nlm.nih.gov/11257097/
GSE290028,GSE,LSD1 inhibition attenuates targeted therapy-induced lineage plasticity in BRAFV600E colorectal cancer,"Background: BRAF activating mutations occur in approximately 10% of metastatic colorectal cancer (CRCs) and are associated with worse prognosis in part due to an inferior response to standard chemotherapy. Standard of care for patients with refractory metastatic BRAFV600E CRC is treatment with BRAF and EGFR inhibitors and recent FDA approval was given to use these inhibitors in combination with chemotherapy for patients with treatment naïve metastatic BRAFV600E CRC. Lineage plasticity to neuroendocrine cancer is an emerging mechanism of targeted therapy resistance in several cancer types. Enteroendocrine cells (EECs), the neuroendocrine cell of the intestine, are uniquely present in BRAFV600E CRC as compared to BRAF wildtype CRC. Methods: BRAF plus EGFR inhibitor treatment induced changes in cell composition were determined by gene expression, imaging and single cell approaches in multiple models of BRAF mutant CRC. Furthermore, multiple clinically relevant inhibitors of the lysine demethylase LSD1 were tested to determine which inhibitor blocked the changes in cell composition. Results: Combined BRAF and EGFR inhibition enriched for EECs in all BRAF mutant CRC models tested. Additionally, EECs and other secretory cell types were enriched in a subset of BRAFV600E CRC patient samples following targeted therapy. Importantly, inhibition of LSD1 with a clinically relevant inhibitor attenuated targeted therapy-induced EEC enrichment through blocking the interaction of LSD1, CoREST2 and STAT3. Conclusions: Our findings that BRAF plus EGFR inhibition induces lineage plasticity in BRAFV600E CRC represents a new paradigm for how resistance to BRAF plus EGFR inhibition occurs. Additionally, our finding that LSD1 inhibition blocks lineage plasticity has the potential to improve responses to BRAF plus EGFR inhibitor therapy in patients.",Homo sapiens; Mus musculus,Expression profiling by high throughput sequencing,23,34281;34328,40264166,2025/04/30,FALSE,FALSE,FALSE,FALSE,FALSE,FALSE,FALSE,0,https://www.ncbi.nlm.nih.gov/geo/query/acc.cgi?acc=GSE290028,https://pubmed.ncbi.nlm.nih.gov/40264166/
GSE291524,GSE,"ColoStem, a core transcriptional signature that identifies poor prognosis fetal-type colorectal tumors","We have previously shown that non-curative chemotherapy imposes fetal conversion and high metastatic capacity to cancer cells. Analysis of public colorectal cancer datasets confirms the existence of a fetal signature consisting of 28 upregulated and 8 downregulated genes that stratify patients with worse prognosis. We have analyzed a metacohort generated by the integration of several colorectal cancer datasets and performed qPCR analysis of paraffin-embedded and plasma samples from our in-house cohort of colorectal cancer tumors. We uncovered a core fetal signature, which we have called ColoStem, composed of 5 genes upregulated and 3 genes downregulated that display prognosis value in a multivariate analysis. We also define EpiColostem as a purer epithelial signature with comparable prognosis value as ColoStem. By qPCR analysis of RNA extracted from paraffin-embedded tissues, we demonstrated the actual possibility of using ColoStem and EpiColoStem to refine the prognostication of CRC patients with a simple an affordable method. Initial analysis of plasma samples indicates that both signatures could be adapted for its use in liquid biopsy. Our results reveal ColoStem and EpiColoStem tests as valuable tools for the identification of fetal-type CRC tumors thus refining patient prognosis.",Homo sapiens,Expression profiling by high throughput sequencing,18,24676,41372484,2025/11/06,FALSE,FALSE,FALSE,FALSE,FALSE,FALSE,FALSE,0,https://www.ncbi.nlm.nih.gov/geo/query/acc.cgi?acc=GSE291524,https://pubmed.ncbi.nlm.nih.gov/41372484/
GSE97781,GSE,Chemotherapy recurrence colon cancer spheroid L145,Gene expression changes in colon cancer spheroids induced by chemotherapy.,Homo sapiens,Expression profiling by array,15,570,NA,2018/08/01,FALSE,FALSE,FALSE,FALSE,FALSE,FALSE,FALSE,0,https://www.ncbi.nlm.nih.gov/geo/query/acc.cgi?acc=GSE97781,NA
